wid|person|personLabel|photo|genderLabel|citizenshipLabel|sitelink|lccn|description|birth|pPrize
Q2265147|http://www.wikidata.org/entity/Q2265147|Rivka Galchen|http://commons.wikimedia.org/wiki/Special:FilePath/RivkaGalchen2009%28cropped%29.jpg|female|United States of America|https://en.wikipedia.org/wiki/Rivka_Galchen|n2007082335|writer|1976-04-19T00:00:00Z|false
Q2934870|http://www.wikidata.org/entity/Q2934870|Camille Bordas||female|France|https://en.wikipedia.org/wiki/Camille_Bordas|no2009166554|French writer|1987-01-01T00:00:00Z|false
Q174210|http://www.wikidata.org/entity/Q174210|Julio Cortázar|http://commons.wikimedia.org/wiki/Special:FilePath/Cort%C3%A1zar.jpg|male|Argentina|https://en.wikipedia.org/wiki/Julio_Cort%C3%A1zar|n79038532|Argentine and French writer (1914-1984)|1914-08-26T00:00:00Z|false
Q2550824|http://www.wikidata.org/entity/Q2550824|Mavis Gallant||female|Canada|https://en.wikipedia.org/wiki/Mavis_Gallant|n79062728|Canadian writer|1922-08-11T00:00:00Z|false
Q1883652|http://www.wikidata.org/entity/Q1883652|Maeve Brennan||female|United States of America|https://en.wikipedia.org/wiki/Maeve_Brennan|n98009284|Irish writer (1917–1993)|1917-01-06T00:00:00Z|false
Q2212143|http://www.wikidata.org/entity/Q2212143|Saïd Sayrafiezadeh|http://commons.wikimedia.org/wiki/Special:FilePath/Said-Sayrafiezadeh-1.jpg|male|United States of America|https://en.wikipedia.org/wiki/Sa%C3%AFd_Sayrafiezadeh|n2013032106|American writer|1968-01-01T00:00:00Z|false
Q2265116|http://www.wikidata.org/entity/Q2265116|Thomas McGuane|http://commons.wikimedia.org/wiki/Special:FilePath/Thomas%20mcguane%203090008.jpg|male|United States of America|https://en.wikipedia.org/wiki/Thomas_McGuane|n79084435|American novelist|1939-12-11T00:00:00Z|false
Q2628164|http://www.wikidata.org/entity/Q2628164|Charles D'Ambrosio|http://commons.wikimedia.org/wiki/Special:FilePath/Charles%20D%27Ambrosio%202015.jpg|male|United States of America|https://en.wikipedia.org/wiki/Charles_D%27Ambrosio|n94091495|American short story writer, essayist|1958-01-01T00:00:00Z|false
Q2619779|http://www.wikidata.org/entity/Q2619779|Reynolds Price||male|United States of America|https://en.wikipedia.org/wiki/Reynolds_Price|n79132486|American writer|1933-02-01T00:00:00Z|false
Q1836356|http://www.wikidata.org/entity/Q1836356|Ben Lerner|http://commons.wikimedia.org/wiki/Special:FilePath/Ben-lerner1%20%28cropped%29.JPG|male|United States of America|https://en.wikipedia.org/wiki/Ben_Lerner|n2004038845|American writer and poet|1979-02-04T00:00:00Z|false
Q1885875|http://www.wikidata.org/entity/Q1885875|V. S. Pritchett|http://commons.wikimedia.org/wiki/Special:FilePath/Pritchett.jpg|male|United Kingdom|https://en.wikipedia.org/wiki/V._S._Pritchett|n78095632|British writer and critic|1900-12-16T00:00:00Z|false
Q2081662|http://www.wikidata.org/entity/Q2081662|Wells Tower||male|United States of America|https://en.wikipedia.org/wiki/Wells_Tower|n2008066507|author|1973-04-14T00:00:00Z|false
Q1805285|http://www.wikidata.org/entity/Q1805285|Allan Gurganus||male|United States of America|https://en.wikipedia.org/wiki/Allan_Gurganus|n88141863|American novelist and story writer|1947-06-11T00:00:00Z|false
Q73506|http://www.wikidata.org/entity/Q73506|Roddy Doyle|http://commons.wikimedia.org/wiki/Special:FilePath/Roddy%20Doyle%20in%20the%20festival%20garden%20at%20Haus%20der%20Berliner%20Festspiele%20on%20September%2014th%2C%202015%2C%20during%20his%20participation%20in%20the%20Children%C2%B4s%20and%20Young%20Adult%20Program%20of%20the%2015th%20international%20literature%20festival%20berlin.JPG|male|Republic of Ireland|https://en.wikipedia.org/wiki/Roddy_Doyle|n88194537|Irish author|1958-05-08T00:00:00Z|false
Q75612|http://www.wikidata.org/entity/Q75612|Isaac Bashevis Singer|http://commons.wikimedia.org/wiki/Special:FilePath/Dan%20Hadani%20collection%20%28990044399930205171%29%20%28cropped%29.jpg|male|United States of America|https://en.wikipedia.org/wiki/Isaac_Bashevis_Singer|n79066617|Polish-American author|1904-07-14T00:00:00Z|false
Q44593|http://www.wikidata.org/entity/Q44593|V. S. Naipaul|http://commons.wikimedia.org/wiki/Special:FilePath/VS%20Naipaul%202016%20Dhaka%20%28cropped%29.jpg|male|United Kingdom|https://en.wikipedia.org/wiki/V._S._Naipaul|n79099320|Trinidadian-British writer (1932–2018)|1932-08-17T00:00:00Z|false
Q816553|http://www.wikidata.org/entity/Q816553|Ben Marcus|http://commons.wikimedia.org/wiki/Special:FilePath/Ben%20marcus%203041200.JPG|male|United States of America|https://en.wikipedia.org/wiki/Ben_Marcus|n95009798|American writer|1967-10-11T00:00:00Z|false
Q816879|http://www.wikidata.org/entity/Q816879|Benedict Kiely||male|United Kingdom|https://en.wikipedia.org/wiki/Benedict_Kiely|n79150453|Irish writer|1919-08-15T00:00:00Z|false
Q183492|http://www.wikidata.org/entity/Q183492|Margaret Atwood|http://commons.wikimedia.org/wiki/Special:FilePath/Margaret%20Atwood%20%2852161564186%29%20%28cropped%29.jpg|female|Canada|https://en.wikipedia.org/wiki/Margaret_Atwood|n79102766|Canadian poet, novelist, literary critic, essayist, teacher, environmental activist, and inventor|1939-11-18T00:00:00Z|false
Q178225|http://www.wikidata.org/entity/Q178225|Edna O'Brien|http://commons.wikimedia.org/wiki/Special:FilePath/Edna%20O%27Brien%20%282016%29.jpg|female|Republic of Ireland|https://en.wikipedia.org/wiki/Edna_O%27Brien|n78091520|Novelist, memoirist, biographer, playwright, poet and short story writer|1932-12-15T00:00:00Z|false
Q83059|http://www.wikidata.org/entity/Q83059|Saul Bellow|http://commons.wikimedia.org/wiki/Special:FilePath/Saul%20Bellow%20%28Herzog%20portrait%29.jpg|male|United States of America|https://en.wikipedia.org/wiki/Saul_Bellow|n79078646|Canadian-American writer|1915-06-10T00:00:00Z|true
Q73176|http://www.wikidata.org/entity/Q73176|Anne Enright|http://commons.wikimedia.org/wiki/Special:FilePath/Enright%20Anne%20koeln%20literaturhaus%20181108.jpg|female|Republic of Ireland|https://en.wikipedia.org/wiki/Anne_Enright|nr92017332|Irish writer|1962-10-11T00:00:00Z|false
Q786526|http://www.wikidata.org/entity/Q786526|T. Coraghessan Boyle|http://commons.wikimedia.org/wiki/Special:FilePath/T.%20C.%20Boyle%2C%20Leipziger%20Buchmesse%202009-1.jpg|male|United States of America|https://en.wikipedia.org/wiki/T._C._Boyle|n78072648|American novelist and short story writer|1948-12-02T00:00:00Z|false
Q44306|http://www.wikidata.org/entity/Q44306|Salman Rushdie|http://commons.wikimedia.org/wiki/Special:FilePath/Salman%20Rushdie%2C%20Oktober%202023%20Ausschnitt.jpg|male|United States of America|https://en.wikipedia.org/wiki/Salman_Rushdie|n80146294|Indian-born British-American novelist (born 1947)|1947-06-19T00:00:00Z|false
Q714153|http://www.wikidata.org/entity/Q714153|Donald Antrim||male|United States of America|https://en.wikipedia.org/wiki/Donald_Antrim|n93003132|novelist|1958-09-16T00:00:00Z|false
Q905|http://www.wikidata.org/entity/Q905|Franz Kafka|http://commons.wikimedia.org/wiki/Special:FilePath/Franz%20Kafka%2C%201923.jpg|male|Czechoslovakia|https://en.wikipedia.org/wiki/Franz_Kafka|n81063091|Bohemian writer from Prague (1883–1924)|1883-07-03T00:00:00Z|false
Q727331|http://www.wikidata.org/entity/Q727331|Sherman Alexie|http://commons.wikimedia.org/wiki/Special:FilePath/Sherman%20alexie%202007.jpg|male|United States of America|https://en.wikipedia.org/wiki/Sherman_Alexie|n91093126|American author and filmmaker|1966-10-07T00:00:00Z|false
Q738114|http://www.wikidata.org/entity/Q738114|Aleksandar Hemon|http://commons.wikimedia.org/wiki/Special:FilePath/Aleksandar%20Hemon%208315708.jpg|male|United States of America|https://en.wikipedia.org/wiki/Aleksandar_Hemon|n99260184|Short story writer, novelist, columnist|1964-09-09T00:00:00Z|false
Q1251926|http://www.wikidata.org/entity/Q1251926|George Saunders|http://commons.wikimedia.org/wiki/Special:FilePath/George%20Saunders.jpg|male|United States of America|https://en.wikipedia.org/wiki/George_Saunders|n95046060|American writer (born 1958)|1958-12-02T00:00:00Z|false
Q1076930|http://www.wikidata.org/entity/Q1076930|Chris Adrian||male|United States of America|https://en.wikipedia.org/wiki/Chris_Adrian|n00032432|Author, physician|1970-11-07T00:00:00Z|false
Q134798|http://www.wikidata.org/entity/Q134798|Haruki Murakami|http://commons.wikimedia.org/wiki/Special:FilePath/Murakami%20Haruki%20%282009%29.jpg|male|Japan|https://en.wikipedia.org/wiki/Haruki_Murakami|n81152393|Japanese writer (born 1949)|1949-01-12T00:00:00Z|false
Q105756|http://www.wikidata.org/entity/Q105756|John Updike|http://commons.wikimedia.org/wiki/Special:FilePath/John%20Updike%2C%20author%20at%20PEN%20Congress%2C%20cropped.jpg|male|United States of America|https://en.wikipedia.org/wiki/John_Updike|n79018616|American novelist, poet, short story writer, art critic, and literary critic|1932-03-18T00:00:00Z|true
Q984415|http://www.wikidata.org/entity/Q984415|James Purdy|http://commons.wikimedia.org/wiki/Special:FilePath/Van%20Vechten%2C%20Carl%20-%20Portrait%20of%20writer%20James%20Purdy%20%281957%29.jpg|male|United States of America|https://en.wikipedia.org/wiki/James_Purdy|n79054478|writer|1914-07-17T00:00:00Z|false
Q1230809|http://www.wikidata.org/entity/Q1230809|Shirley Hazzard|http://commons.wikimedia.org/wiki/Special:FilePath/Shirley%20hazzard%20australian%20writer%20mercantile%20library%20for%20fiction%20benefit%20awards%20dinner%20october%2029%202007%20photo%20by%20christopher%20peterson.jpg|female|United States of America|https://en.wikipedia.org/wiki/Shirley_Hazzard|n79108321|Australian-American Author|1931-01-30T00:00:00Z|false
Q125598|http://www.wikidata.org/entity/Q125598|Peter Stamm|http://commons.wikimedia.org/wiki/Special:FilePath/Peter%20Stamm%20-%20salon%20du%20livre%20Gen%C3%A8ve%202012.jpg|male|Switzerland|https://en.wikipedia.org/wiki/Peter_Stamm|no99050544|Swiss writer|1963-01-18T00:00:00Z|false
Q84011|http://www.wikidata.org/entity/Q84011|David Bezmozgis|http://commons.wikimedia.org/wiki/Special:FilePath/David%20Bezmozgis%20-%20Eden%20Mills%20Writers%20Festival%20-%202014%20%28DanH-4304%29%20%28cropped%29.jpg|male|Canada|https://en.wikipedia.org/wiki/David_Bezmozgis|n2003055218|Canadian writer and filmmaker|1973-06-02T00:00:00Z|false
Q966228|http://www.wikidata.org/entity/Q966228|Colum McCann|http://commons.wikimedia.org/wiki/Special:FilePath/Colum%20Updated.jpg|male|United States of America|https://en.wikipedia.org/wiki/Colum_McCann|n95046994|Irish writer and journalist|1965-02-28T00:00:00Z|false
Q124527|http://www.wikidata.org/entity/Q124527|James Thurber|http://commons.wikimedia.org/wiki/Special:FilePath/James%20Thurber%20NYWTS.jpg|male|United States of America|https://en.wikipedia.org/wiki/James_Thurber|n80036584|American cartoonist, author, journalist, playwright (1894–1961)|1894-12-08T00:00:00Z|false
Q141114|http://www.wikidata.org/entity/Q141114|Sergei Dovlatov||male|Soviet Union|https://en.wikipedia.org/wiki/Sergei_Dovlatov|n79068738|Soviet writer|1941-09-03T00:00:00Z|false
Q967640|http://www.wikidata.org/entity/Q967640|Joshua Ferris|http://commons.wikimedia.org/wiki/Special:FilePath/Joshua%20Ferris%20by%20David%20Shankbone.jpg|male|United States of America|https://en.wikipedia.org/wiki/Joshua_Ferris|n2005090934|American author|1974-11-08T00:00:00Z|false
Q1153825|http://www.wikidata.org/entity/Q1153825|Annie Ernaux|http://commons.wikimedia.org/wiki/Special:FilePath/Annie%20Ernaux%20in%202022%20%282%20av%2011%29.jpg|female|France|https://en.wikipedia.org/wiki/Annie_Ernaux|n85814151|French writer (born 1940)|1940-09-01T00:00:00Z|false
Q909|http://www.wikidata.org/entity/Q909|Jorge Luis Borges|http://commons.wikimedia.org/wiki/Special:FilePath/Jorge%20Luis%20Borges%201951%2C%20by%20Grete%20Stern.jpg|male|Argentina|https://en.wikipedia.org/wiki/Jorge_Luis_Borges|n79007035|Argentine writer, essayist, poet and translator (1899–1986)|1899-08-24T00:00:00Z|false
Q979076|http://www.wikidata.org/entity/Q979076|Peter Matthew Hillsman Taylor|http://commons.wikimedia.org/wiki/Special:FilePath/Peter%20Taylor%20in%201941%20%28cropped%29.jpg|male|United States of America|https://en.wikipedia.org/wiki/Peter_Taylor_(writer)|n50008415|American writer|1917-01-08T00:00:00Z|true
Q1176577|http://www.wikidata.org/entity/Q1176577|David Sedaris|http://commons.wikimedia.org/wiki/Special:FilePath/David%20Sedaris-4724.jpg|male|United States of America|https://en.wikipedia.org/wiki/David_Sedaris|n94015692|American author|1956-12-26T00:00:00Z|false
Q148886|http://www.wikidata.org/entity/Q148886|Bruno Schulz|http://commons.wikimedia.org/wiki/Special:FilePath/Bruno%20Schulz%2C%20portrait.jpg|male|Ukrainian People's Republic|https://en.wikipedia.org/wiki/Bruno_Schulz|n79073610|Polish novelist and painter (1892-1942)|1892-07-12T00:00:00Z|false
Q153670|http://www.wikidata.org/entity/Q153670|Primo Levi|http://commons.wikimedia.org/wiki/Special:FilePath/Primo%20Levi.jpg|male|Kingdom of Italy|https://en.wikipedia.org/wiki/Primo_Levi|n79056057|Italian chemist, partisan, Holocaust survivor, and writer (1919–1987)|1919-07-31T00:00:00Z|false
Q1282338|http://www.wikidata.org/entity/Q1282338|Robert Coover|http://commons.wikimedia.org/wiki/Special:FilePath/Robert%20Coover%20CaveWriting%201.jpg|male|United States of America|https://en.wikipedia.org/wiki/Robert_Coover|n80038251|writer, teacher|1932-02-04T00:00:00Z|false
Q154756|http://www.wikidata.org/entity/Q154756|Italo Calvino|http://commons.wikimedia.org/wiki/Special:FilePath/Italo-Calvino.jpg|male|Italy|https://en.wikipedia.org/wiki/Italo_Calvino|n79128096|Italian journalist and writer (1923-1985)|1923-10-15T00:00:00Z|false
Q1351972|http://www.wikidata.org/entity/Q1351972|Frank O'Connor||male|Republic of Ireland|https://en.wikipedia.org/wiki/Frank_O%27Connor|n80010451|Irish writer (1903-1966)|1903-09-17T00:00:00Z|false
Q1395915|http://www.wikidata.org/entity/Q1395915|James Salter|http://commons.wikimedia.org/wiki/Special:FilePath/James%20Salter%20at%20Tulane%20Lecturn%202010.jpg|male|United States of America|https://en.wikipedia.org/wiki/James_Salter|n78094026|American novelist and short-story writer (1925–2015)|1925-06-10T00:00:00Z|false
Q1369803|http://www.wikidata.org/entity/Q1369803|J. F. Powers||male|United States of America|https://en.wikipedia.org/wiki/J._F._Powers|n79063855|American writer (1917-1999)|1917-08-08T00:00:00Z|false
Q151708|http://www.wikidata.org/entity/Q151708|Joseph O'Neill|http://commons.wikimedia.org/wiki/Special:FilePath/Joseph%20oneill%202010.jpg|male|United States of America|https://en.wikipedia.org/wiki/Joseph_O%27Neill_(writer,_born_1964)|no96006071|Irish poet|1964-02-23T00:00:00Z|false
Q1334139|http://www.wikidata.org/entity/Q1334139|Gary Shteyngart|http://commons.wikimedia.org/wiki/Special:FilePath/GaryShteyngart.jpg|male|Soviet Union|https://en.wikipedia.org/wiki/Gary_Shteyngart|n2001043438|American journalist and writer|1972-07-05T00:00:00Z|false
Q1280035|http://www.wikidata.org/entity/Q1280035|Lydia Davis|http://commons.wikimedia.org/wiki/Special:FilePath/Lydia%20Davis%20at%20Kelly%20Writers%20House%20%28cropped%29.jpg|female|United States of America|https://en.wikipedia.org/wiki/Lydia_Davis|n85210453|American writer|1947-07-15T00:00:00Z|false
Q151872|http://www.wikidata.org/entity/Q151872|Amos Oz|http://commons.wikimedia.org/wiki/Special:FilePath/Amos%20oz675.jpg|male|Israel|https://en.wikipedia.org/wiki/Amos_Oz|n50051544|Israeli writer, novelist, journalist and intellectual (1939–2018)|1939-05-04T00:00:00Z|false
Q36591|http://www.wikidata.org/entity/Q36591|Vladimir Nabokov|http://commons.wikimedia.org/wiki/Special:FilePath/Vladimir%20Nabokov%201973.jpg|male|Russian Empire|https://en.wikipedia.org/wiki/Vladimir_Nabokov|n81015312|Russian-American novelist, lepidopterist, professor (1899–1977)|1899-04-22T00:00:00Z|false
Q1367133|http://www.wikidata.org/entity/Q1367133|Hari Kunzru|http://commons.wikimedia.org/wiki/Special:FilePath/Hari%20Kunzru%20B283441%20%28cropped2%29.jpg|male|United Kingdom|https://en.wikipedia.org/wiki/Hari_Kunzru|n2001041382|British novelist and journalist (1969-)|1969-12-01T00:00:00Z|false
Q1688127|http://www.wikidata.org/entity/Q1688127|Jessamyn West||female|United States of America|https://en.wikipedia.org/wiki/Jessamyn_West_(writer)|n79077176|American author|1907-01-01T00:00:00Z|false
Q1475327|http://www.wikidata.org/entity/Q1475327|Jonas Hassen Khemiri|http://commons.wikimedia.org/wiki/Special:FilePath/Jonas%20Hassen%20Khemiri%2C%202019%20%28cropped%29.jpg|male|Sweden|https://en.wikipedia.org/wiki/Jonas_Hassen_Khemiri|n2004034168|Swedish writer|1978-12-27T00:00:00Z|false
Q1655990|http://www.wikidata.org/entity/Q1655990|Nathan Englander|http://commons.wikimedia.org/wiki/Special:FilePath/Nathan%20Englander.jpg|male|United States of America|https://en.wikipedia.org/wiki/Nathan_Englander|n98075379|American short story writer and novelist|1970-01-01T00:00:00Z|false
Q1541271|http://www.wikidata.org/entity/Q1541271|William Keepers Maxwell, Jr.||male|United States of America|https://en.wikipedia.org/wiki/William_Keepers_Maxwell_Jr.|n79065705|American novelist (1908-2000)|1908-08-16T00:00:00Z|false
Q1277641|http://www.wikidata.org/entity/Q1277641|John McGahern||male|Republic of Ireland|https://en.wikipedia.org/wiki/John_McGahern|n80012547|Irish writer (1934-2006)|1934-11-12T00:00:00Z|false
Q215436|http://www.wikidata.org/entity/Q215436|Lore Segal||female|United States of America|https://en.wikipedia.org/wiki/Lore_Segal|n50005777|Novelist, translator, teacher, children's author|1928-03-09T00:00:00Z|false
Q204168|http://www.wikidata.org/entity/Q204168|Lorrie Moore|http://commons.wikimedia.org/wiki/Special:FilePath/Lorrie%20Moore.JPG|female|United States of America|https://en.wikipedia.org/wiki/Lorrie_Moore|n84042742|American writer|1957-01-13T00:00:00Z|false
Q217557|http://www.wikidata.org/entity/Q217557|Joyce Carol Oates|http://commons.wikimedia.org/wiki/Special:FilePath/Joyce%20carol%20oates%202014.jpg|female|United States of America|https://en.wikipedia.org/wiki/Joyce_Carol_Oates|n2003052510|American author|1938-06-16T00:00:00Z|false
Q3081853|http://www.wikidata.org/entity/Q3081853|Francisco Goldman|http://commons.wikimedia.org/wiki/Special:FilePath/Z%20francisco%20goldman%208304680.JPG|male|United States of America|https://en.wikipedia.org/wiki/Francisco_Goldman|n91124480|American novelist and journalist|1954-01-01T00:00:00Z|false
Q3812975|http://www.wikidata.org/entity/Q3812975|Karen Russell|http://commons.wikimedia.org/wiki/Special:FilePath/Karen%20russell%202011.jpg|female|United States of America|https://en.wikipedia.org/wiki/Karen_Russell|n2006024155|author|1981-07-10T00:00:00Z|false
Q4755150|http://www.wikidata.org/entity/Q4755150|Andrea Lee||female|United States of America|https://en.wikipedia.org/wiki/Andrea_Lee_(author)|n81051778|American writer|1953-01-01T00:00:00Z|false
Q3293710|http://www.wikidata.org/entity/Q3293710|Marisa Silver|http://commons.wikimedia.org/wiki/Special:FilePath/Marisa%20Silver%202016.jpg|female|United States of America|https://en.wikipedia.org/wiki/Marisa_Silver|n79131213|American writer|1960-04-23T00:00:00Z|false
Q219862|http://www.wikidata.org/entity/Q219862|Raymond Carver|http://commons.wikimedia.org/wiki/Special:FilePath/Raymond%20Carver%20%281988%20author%20portrait%20-%20Where%20I%27m%20Calling%20From%29.jpg|male|United States of America|https://en.wikipedia.org/wiki/Raymond_Carver|n80113040|American author and poet (1938-1988)|1938-05-25T00:00:00Z|false
Q3431527|http://www.wikidata.org/entity/Q3431527|Rick Bass|http://commons.wikimedia.org/wiki/Special:FilePath/Rick%20Bass.jpg|male|United States of America|https://en.wikipedia.org/wiki/Rick_Bass|n84160556|Fiction writer, nature writer, activist|1958-03-07T00:00:00Z|false
Q229840|http://www.wikidata.org/entity/Q229840|Annie Proulx|http://commons.wikimedia.org/wiki/Special:FilePath/2018-us-nationalbookfestival-annie-proulx.jpg|female|United States of America|https://en.wikipedia.org/wiki/Annie_Proulx|n80091138|American novelist, short story and non-fiction author|1935-08-22T00:00:00Z|true
Q3243146|http://www.wikidata.org/entity/Q3243146|Mohsin Hamid|http://commons.wikimedia.org/wiki/Special:FilePath/Mohsin%20Hamid%20reading%2C%20Brooklyn.jpg|male|United Kingdom|https://en.wikipedia.org/wiki/Mohsin_Hamid|n99832132|Pakistani novelist|1971-07-23T00:00:00Z|false
Q4700740|http://www.wikidata.org/entity/Q4700740|Akhil Sharma|http://commons.wikimedia.org/wiki/Special:FilePath/Akhil%20Sharma%207271390.jpg|male|United States of America|https://en.wikipedia.org/wiki/Akhil_Sharma|n00020898|Indian American writer|1971-07-22T00:00:00Z|false
Q5214834|http://www.wikidata.org/entity/Q5214834|Dana Spiotta|http://commons.wikimedia.org/wiki/Special:FilePath/Dana%20Spiotta%202011%20NBCC%20Awards%202012%20Shankbone.JPG|female|United States of America|https://en.wikipedia.org/wiki/Dana_Spiotta|n2001028888|author|1966-01-16T00:00:00Z|false
Q3875906|http://www.wikidata.org/entity/Q3875906|Niccolò Tucci||male|Italy|https://en.wikipedia.org/wiki/Niccol%C3%B2_Tucci|nr89001300|American writer (1908-1999)|1908-05-01T00:00:00Z|false
Q5237471|http://www.wikidata.org/entity/Q5237471|David Means|http://commons.wikimedia.org/wiki/Special:FilePath/DavidMeans3.JPG|male|United States of America|https://en.wikipedia.org/wiki/David_Means|n85234747|American author|1961-10-17T00:00:00Z|false
Q234819|http://www.wikidata.org/entity/Q234819|Alice Munro|http://commons.wikimedia.org/wiki/Special:FilePath/Alice%20Munro.jpg|female|Canada|https://en.wikipedia.org/wiki/Alice_Munro|n79063498|Canadian writer|1931-07-10T00:00:00Z|false
Q230591|http://www.wikidata.org/entity/Q230591|Carson McCullers|http://commons.wikimedia.org/wiki/Special:FilePath/Carsonmccullers.jpg|female|United States of America|https://en.wikipedia.org/wiki/Carson_McCullers|n79059038|American writer (1917–1967)|1917-02-19T00:00:00Z|false
Q4758145|http://www.wikidata.org/entity/Q4758145|Andrew O'Hagan|http://commons.wikimedia.org/wiki/Special:FilePath/Andrewohagan09%20flipped.jpg|male|United Kingdom|https://en.wikipedia.org/wiki/Andrew_O%27Hagan|no96052820|Scottish novelist, journalist, academic|1968-05-01T00:00:00Z|false
Q4731395|http://www.wikidata.org/entity/Q4731395|Allegra Goodman|http://commons.wikimedia.org/wiki/Special:FilePath/Allegra%20Goodman.JPG|female|United States of America|https://en.wikipedia.org/wiki/Allegra_Goodman|n88276066|American novelist and short story writer (1967-)|1967-01-01T00:00:00Z|false
Q4759811|http://www.wikidata.org/entity/Q4759811|André Alexis||male|Canada|https://en.wikipedia.org/wiki/Andr%C3%A9_Alexis|n95069960|Canadian writer|1957-01-15T00:00:00Z|false
Q3296204|http://www.wikidata.org/entity/Q3296204|Mary Lavin||female|United States of America|https://en.wikipedia.org/wiki/Mary_Lavin|n50039874|Irish writer|1912-06-10T00:00:00Z|false
Q3229679|http://www.wikidata.org/entity/Q3229679|Leonard Michaels||male|United States of America|https://en.wikipedia.org/wiki/Leonard_Michaels|n79148872|American writer|1933-01-02T00:00:00Z|false
Q3219646|http://www.wikidata.org/entity/Q3219646|Laurie Colwin||female|United States of America|https://en.wikipedia.org/wiki/Laurie_Colwin|n78091267|American novelist, short story writer, food writer|1944-06-14T00:00:00Z|false
Q230141|http://www.wikidata.org/entity/Q230141|Chimamanda Ngozi Adichie|http://commons.wikimedia.org/wiki/Special:FilePath/Chimamanda%20Ngozi%20Adichie%20%282015%29.png|female|Nigeria|https://en.wikipedia.org/wiki/Chimamanda_Ngozi_Adichie|n2003042876|Nigerian writer|1977-09-15T00:00:00Z|false
Q4777267|http://www.wikidata.org/entity/Q4777267|Antonya Nelson|http://commons.wikimedia.org/wiki/Special:FilePath/Antonya%20nelson%202009.jpg|female|United States of America|https://en.wikipedia.org/wiki/Antonya_Nelson|n88231854|writer|1961-01-06T00:00:00Z|false
Q233956|http://www.wikidata.org/entity/Q233956|Muriel Spark||female|United Kingdom|https://en.wikipedia.org/wiki/Muriel_Spark|n80038438|Scottish novelist and writer (1918-2006)|1918-02-01T00:00:00Z|false
Q95986964|http://www.wikidata.org/entity/Q95986964|Bryan Washington||male|United States of America|https://en.wikipedia.org/wiki/Bryan_Washington|n2018020990|American writer (born 1993)|1993-04-22T00:00:00Z|false
Q5564935|http://www.wikidata.org/entity/Q5564935|Gish Jen|http://commons.wikimedia.org/wiki/Special:FilePath/Gish%20jen%20bw%209-2010%20crpd.jpg|female|United States of America|https://en.wikipedia.org/wiki/Gish_Jen|n90694682|American writer and speaker (1955-)|1955-08-12T00:00:00Z|false
Q47619|http://www.wikidata.org/entity/Q47619|Nadine Gordimer|http://commons.wikimedia.org/wiki/Special:FilePath/Nadine%20Gordimer%2001.JPG|female|South Africa|https://en.wikipedia.org/wiki/Nadine_Gordimer|n80037754|South African writer|1923-11-20T00:00:00Z|false
Q56427737|http://www.wikidata.org/entity/Q56427737|Ling Ma|http://commons.wikimedia.org/wiki/Special:FilePath/Ling%20Ma%20%2852691467064%29%20%28cropped%29.jpg|female|United States of America|https://en.wikipedia.org/wiki/Ling_Ma|n2017060146|Chinese American speculative fiction novelist and academic (1983-)|1983-05-06T00:00:00Z|false
Q5360799|http://www.wikidata.org/entity/Q5360799|Elif Batuman|http://commons.wikimedia.org/wiki/Special:FilePath/Elif%20Batuman%20Brooklyn%20Museum%202018-02.png|female|United States of America|https://en.wikipedia.org/wiki/Elif_Batuman|n2009039221|American writer and academic|1977-06-07T00:00:00Z|false
Q6488602|http://www.wikidata.org/entity/Q6488602|Lara Vapnyar|http://commons.wikimedia.org/wiki/Special:FilePath/Daniel%20Genis%20and%20Lara%20Vapnyar.jpeg|female|United States of America|https://en.wikipedia.org/wiki/Lara_Vapnyar|n2003033938|Russian writer|1971-01-01T00:00:00Z|false
Q99395310|http://www.wikidata.org/entity/Q99395310|Douglas Stuart|http://commons.wikimedia.org/wiki/Special:FilePath/Douglas%20Stuart%20%282021%29.png|male|United States of America|https://en.wikipedia.org/wiki/Douglas_Stuart_(writer)|n2019051092|Scottish-American writer|1976-05-31T00:00:00Z|false
Q6395795|http://www.wikidata.org/entity/Q6395795|Kevin Barry||male|Republic of Ireland|https://en.wikipedia.org/wiki/Kevin_Barry_(writer)|n2007053033|Irish writer|1969-01-01T00:00:00Z|false
Q6285886|http://www.wikidata.org/entity/Q6285886|Joseph O'Neill||male||https://en.wikipedia.org/wiki/Joseph_O%27Neill_(writer,_born_1886)|n80056706|Irish writer|1878-12-18T00:00:00Z|false
Q49080|http://www.wikidata.org/entity/Q49080|Isaak Babel|http://commons.wikimedia.org/wiki/Special:FilePath/Isaac%20Babel.jpg|male|Russian Empire|https://en.wikipedia.org/wiki/Isaac_Babel|n50047804|Russian language journalist, playwright, literary translator, and short story writer (1894-1940)|1894-07-13T00:00:00Z|false
Q6297286|http://www.wikidata.org/entity/Q6297286|Joy Williams||female|United States of America|https://en.wikipedia.org/wiki/Joy_Williams_(American_writer)|n81082937|American novelist and short story writer|1944-02-11T00:00:00Z|false
Q111967234|http://www.wikidata.org/entity/Q111967234|Jamil Jan Kochai|http://commons.wikimedia.org/wiki/Special:FilePath/Jamil%20reading.webp|male||https://en.wikipedia.org/wiki/Jamil_Jan_Kochai|no2018121871|Afghan-American writer|1992-01-01T00:00:00Z|false
Q6139237|http://www.wikidata.org/entity/Q6139237|James McCourt||male|United States of America|https://en.wikipedia.org/wiki/James_McCourt_(writer)|n82239155|American writer|1941-01-01T00:00:00Z|false
Q6500240|http://www.wikidata.org/entity/Q6500240|Lauren Groff|http://commons.wikimedia.org/wiki/Special:FilePath/Lauren%20groff%20bw.jpg|female|United States of America|https://en.wikipedia.org/wiki/Lauren_Groff|n2007071938|American writer|1978-07-23T00:00:00Z|false
Q5515332|http://www.wikidata.org/entity/Q5515332|Gabe Hudson|http://commons.wikimedia.org/wiki/Special:FilePath/New%20GabeHudson%20CU%20Photo%200683%20v2.jpg|male|United States of America|https://en.wikipedia.org/wiki/Gabe_Hudson|n2002026448|American writer|1971-01-01T00:00:00Z|false
Q5764481|http://www.wikidata.org/entity/Q5764481|Hilton Als||male|United States of America|https://en.wikipedia.org/wiki/Hilton_Als|nr95039497|American writer and theater critic|1961-01-01T00:00:00Z|false
Q63341394|http://www.wikidata.org/entity/Q63341394|Tommy Orange|http://commons.wikimedia.org/wiki/Special:FilePath/Tommy%20Orange%202018.jpg|male|United States of America|https://en.wikipedia.org/wiki/Tommy_Orange|n2017063987|American writer|1982-01-19T00:00:00Z|false
Q6375842|http://www.wikidata.org/entity/Q6375842|Kate Walbert||female|United States of America|https://en.wikipedia.org/wiki/Kate_Walbert|n97101937|American writer|1961-01-01T00:00:00Z|false
Q5524350|http://www.wikidata.org/entity/Q5524350|Garth Greenwell||male|United States of America|https://en.wikipedia.org/wiki/Garth_Greenwell|n2011011035|American writer|1978-03-19T00:00:00Z|false
Q56751761|http://www.wikidata.org/entity/Q56751761|Kristen Roupenian|http://commons.wikimedia.org/wiki/Special:FilePath/Kristen%20Roupenian%202019%20Texas%20Book%20Festival.jpg|female|United States of America|https://en.wikipedia.org/wiki/Kristen_Roupenian|n2018039766|American author|1982-01-01T00:00:00Z|false
Q17385807|http://www.wikidata.org/entity/Q17385807|David Gilbert||male|United States of America|https://en.wikipedia.org/wiki/David_Gilbert_(author)|n97100215|American author|1967-01-01T00:00:00Z|false
Q16939546|http://www.wikidata.org/entity/Q16939546|John L'Heureux||male|United States of America|https://en.wikipedia.org/wiki/John_L%27Heureux|n80104336|American writer|1934-10-26T00:00:00Z|false
Q272855|http://www.wikidata.org/entity/Q272855|Kazuo Ishiguro|http://commons.wikimedia.org/wiki/Special:FilePath/Kazuo%20Ishiguro%20by%20Kubik.JPG|male|Japan|https://en.wikipedia.org/wiki/Kazuo_Ishiguro|n81151284|British novelist (1954-)|1954-11-08T00:00:00Z|false
Q6697391|http://www.wikidata.org/entity/Q6697391|Lucinda Rosenfeld|http://commons.wikimedia.org/wiki/Special:FilePath/Lucinda%20Rosenfeld%20by%20Nina%20Subin.jpeg|female|United States of America|https://en.wikipedia.org/wiki/Lucinda_Rosenfeld|n00036041|American novelist|1969-12-31T00:00:00Z|false
Q7301712|http://www.wikidata.org/entity/Q7301712|Rebecca Curtis||female|United States of America|https://en.wikipedia.org/wiki/Rebecca_Curtis||American writer|1976-01-01T00:00:00Z|false
Q275601|http://www.wikidata.org/entity/Q275601|Jamaica Kincaid|http://commons.wikimedia.org/wiki/Special:FilePath/Jamaica%20Kincaid%202019.jpg|female|United States of America|https://en.wikipedia.org/wiki/Jamaica_Kincaid|n83151180|Antiguan-American novelist, essayist, gardener, and gardening writer|1949-05-25T00:00:00Z|false
Q278953|http://www.wikidata.org/entity/Q278953|A. M. Homes|http://commons.wikimedia.org/wiki/Special:FilePath/A%20M%20Homes%20by%20David%20Shankbone.jpg|female|United States of America|https://en.wikipedia.org/wiki/A._M._Homes|n87921175|novelist and memoirst from the United States|1961-12-18T00:00:00Z|false
Q262712|http://www.wikidata.org/entity/Q262712|Elizabeth Strout|http://commons.wikimedia.org/wiki/Special:FilePath/Elizabeth%20Strout%202015.jpg|female|United States of America|https://en.wikipedia.org/wiki/Elizabeth_Strout|n98033426|American writer|1956-01-06T00:00:00Z|true
Q278917|http://www.wikidata.org/entity/Q278917|Claire Keegan|http://commons.wikimedia.org/wiki/Special:FilePath/Dublin%20Writers%20Festival%202007%20%28686228986%29%20%28cropped%29.jpg|female|Republic of Ireland|https://en.wikipedia.org/wiki/Claire_Keegan|nb99046356|Irish writer of short stories|1968-01-01T00:00:00Z|false
Q7626494|http://www.wikidata.org/entity/Q7626494|Stuart Dybek||male|United States of America|https://en.wikipedia.org/wiki/Stuart_Dybek|n79020261|Short fiction writer, poet|1942-04-10T00:00:00Z|false
Q270707|http://www.wikidata.org/entity/Q270707|Dorothy Parker|http://commons.wikimedia.org/wiki/Special:FilePath/Young%20Dorothy%20Parker.jpg|female|United States of America|https://en.wikipedia.org/wiki/Dorothy_Parker|n50050331|American poet, short story writer, critic and satirist (1893-1967)|1893-08-22T00:00:00Z|false
Q6790814|http://www.wikidata.org/entity/Q6790814|Matthew Klam|http://commons.wikimedia.org/wiki/Special:FilePath/Matthew%20Klam%2C%20author.jpg|male|United States of America|https://en.wikipedia.org/wiki/Matthew_Klam|n99263013|American writer|1964-01-01T00:00:00Z|false
Q8063320|http://www.wikidata.org/entity/Q8063320|ZZ Packer|http://commons.wikimedia.org/wiki/Special:FilePath/Zz%20packer%202009.jpg|female|United States of America|https://en.wikipedia.org/wiki/ZZ_Packer|n2002037157|American novelist, short story writer|1973-01-12T00:00:00Z|false
Q7647669|http://www.wikidata.org/entity/Q7647669|Susan Choi|http://commons.wikimedia.org/wiki/Special:FilePath/Susan%20choi%208315696.jpg|female|United States of America|https://en.wikipedia.org/wiki/Susan_Choi|n98008820|American novelist|1969-01-28T00:00:00Z|false
Q256671|http://www.wikidata.org/entity/Q256671|Miranda July|http://commons.wikimedia.org/wiki/Special:FilePath/Miranda%20july.jpg|female|United States of America|https://en.wikipedia.org/wiki/Miranda_July|no2005020449|American performance artist, musician and writer|1974-02-15T00:00:00Z|false
Q16204726|http://www.wikidata.org/entity/Q16204726|Alice Mattison||female|United States of America|https://en.wikipedia.org/wiki/Alice_Mattison|n82080489|American writer|1942-03-18T00:00:00Z|false
Q7787556|http://www.wikidata.org/entity/Q7787556|Thomas Beller||male|United States of America|https://en.wikipedia.org/wiki/Thomas_Beller|n94086654|American writer|1965-05-23T00:00:00Z|false
Q7422768|http://www.wikidata.org/entity/Q7422768|Sarah Shun-lien Bynum||female|United States of America|https://en.wikipedia.org/wiki/Sarah_Shun-lien_Bynum|n2004036294|American writer|1972-01-01T00:00:00Z|false
Q239910|http://www.wikidata.org/entity/Q239910|Shirley Jackson|http://commons.wikimedia.org/wiki/Special:FilePath/Jackson%20shirley.jpg|female|United States of America|https://en.wikipedia.org/wiki/Shirley_Jackson|n79125801|novelist, short story writer|1916-12-14T00:00:00Z|false
Q264283|http://www.wikidata.org/entity/Q264283|Jennifer Egan|http://commons.wikimedia.org/wiki/Special:FilePath/Jennifer%20Egan%20by%20David%20Shankbone.jpg|female|United States of America|https://en.wikipedia.org/wiki/Jennifer_Egan|n94011864|American novelist, short story writer|1962-09-07T00:00:00Z|true
Q16213564|http://www.wikidata.org/entity/Q16213564|Samantha Hunt|http://commons.wikimedia.org/wiki/Special:FilePath/Samantha%20hunt%205213014.jpg|female|United States of America|https://en.wikipedia.org/wiki/Samantha_Hunt|no2003093729|American novelist|1971-01-01T00:00:00Z|false
Q6990009|http://www.wikidata.org/entity/Q6990009|Nell Freudenberger|http://commons.wikimedia.org/wiki/Special:FilePath/Nell%20Freudenberger%204092379.jpg|female|United States of America|https://en.wikipedia.org/wiki/Nell_Freudenberger|n2003036463|American writer|1975-01-01T00:00:00Z|false
Q7822271|http://www.wikidata.org/entity/Q7822271|Tony Earley||male|United States of America|https://en.wikipedia.org/wiki/Tony_Earley|n93032523|Novelist, short story writer|1961-01-01T00:00:00Z|false
Q283227|http://www.wikidata.org/entity/Q283227|Brian Friel|http://commons.wikimedia.org/wiki/Special:FilePath/Brian%20Friel.jpg|male|United Kingdom|https://en.wikipedia.org/wiki/Brian_Friel|n50024152|Irish dramatist, author and theatre director (1929–2015)|1929-01-09T00:00:00Z|false
Q294583|http://www.wikidata.org/entity/Q294583|Sam Shepard|http://commons.wikimedia.org/wiki/Special:FilePath/Sam%20Shepard%20Stealth%20crop.jpg|male|United States of America|https://en.wikipedia.org/wiki/Sam_Shepard|n79151156|American playwright and actor (1943–2017)|1943-11-05T00:00:00Z|false
Q7493065|http://www.wikidata.org/entity/Q7493065|Sheila Heti|http://commons.wikimedia.org/wiki/Special:FilePath/Sheila%20Heti%20Octavia%20Books%2029%20June%202013%20A.JPG|female|Canada|https://en.wikipedia.org/wiki/Sheila_Heti|n2001041365|Canadian writer|1976-12-25T00:00:00Z|false
Q241215|http://www.wikidata.org/entity/Q241215|Janet Frame|http://commons.wikimedia.org/wiki/Special:FilePath/Janet%20Frame%201993%20%28cropped%29.jpg|female|New Zealand|https://en.wikipedia.org/wiki/Janet_Frame|n82023868|New Zealand author (1924–2004)|1924-08-28T00:00:00Z|false
Q7279300|http://www.wikidata.org/entity/Q7279300|Rachel Kushner|http://commons.wikimedia.org/wiki/Special:FilePath/Rachel%20Kushner%202015%2013.jpg|female|United States of America|https://en.wikipedia.org/wiki/Rachel_Kushner|nr2004014752|writer from the United States|1968-01-01T00:00:00Z|false
Q7406693|http://www.wikidata.org/entity/Q7406693|Salvatore Scibona||male|United States of America|https://en.wikipedia.org/wiki/Salvatore_Scibona|no2008072140|American writer|1975-06-02T00:00:00Z|false
Q241248|http://www.wikidata.org/entity/Q241248|Orhan Pamuk|http://commons.wikimedia.org/wiki/Special:FilePath/Orhan%20Pamuk%202009%20Shankbone.jpg|male|Turkey|https://en.wikipedia.org/wiki/Orhan_Pamuk|n84026777|Turkish novelist|1952-06-07T00:00:00Z|false
Q259364|http://www.wikidata.org/entity/Q259364|Eudora Welty|http://commons.wikimedia.org/wiki/Special:FilePath/Eudora-Welty-1962.jpeg|female|United States of America|https://en.wikipedia.org/wiki/Eudora_Welty|n79038434|American short story writer, novelist and photographer (1909-2001)|1909-04-13T00:00:00Z|true
Q7786728|http://www.wikidata.org/entity/Q7786728|Thom Jones||male|United States of America|https://en.wikipedia.org/wiki/Thom_Jones|n92100400|American short story writer|1945-01-26T00:00:00Z|false
Q7922413|http://www.wikidata.org/entity/Q7922413|Veronica Geng||female||https://en.wikipedia.org/wiki/Veronica_Geng|n83303613|American editor and writer|1941-01-01T00:00:00Z|false
Q293236|http://www.wikidata.org/entity/Q293236|Madeleine Thien|http://commons.wikimedia.org/wiki/Special:FilePath/Madeleine%20thiene.JPG|female|Canada|https://en.wikipedia.org/wiki/Madeleine_Thien|n2001039857|Canadian writer|1974-05-25T00:00:00Z|false
Q7815662|http://www.wikidata.org/entity/Q7815662|Tom Drury|http://commons.wikimedia.org/wiki/Special:FilePath/Tom%20Drury%20Opens%202017%20English%20Literature%20Series%20%2837013864862%29.jpg|male|United States of America|https://en.wikipedia.org/wiki/Tom_Drury|n93107058|American writer|1956-01-01T00:00:00Z|false
Q290633|http://www.wikidata.org/entity/Q290633|Jean Stafford|http://commons.wikimedia.org/wiki/Special:FilePath/Robert%20Lowell%2C%20Jean%20Stafford%20and%20Peter%20Taylor%20in%201941.jpg|female|United States of America|https://en.wikipedia.org/wiki/Jean_Stafford|n50053704|American short story writer and novelist (1915-1979)|1915-07-01T00:00:00Z|true
Q20707944|http://www.wikidata.org/entity/Q20707944|Ottessa Moshfegh|http://commons.wikimedia.org/wiki/Special:FilePath/Ottessa%20Moshfegh%202015.jpg|female|United States of America|https://en.wikipedia.org/wiki/Ottessa_Moshfegh|no2014170355|American author and novelist|1981-05-20T00:00:00Z|false
Q16203965|http://www.wikidata.org/entity/Q16203965|Julie Hayden||female|United States of America|https://en.wikipedia.org/wiki/Julie_Hayden_(editor)|no2015155276|American writer|1938-01-01T00:00:00Z|false
Q295431|http://www.wikidata.org/entity/Q295431|Julian Barnes|http://commons.wikimedia.org/wiki/Special:FilePath/Julian%20Barnes%20in%202019%2002.jpg|male|United Kingdom|https://en.wikipedia.org/wiki/Julian_Barnes|n80019845|English writer|1946-01-19T00:00:00Z|false
Q270635|http://www.wikidata.org/entity/Q270635|Patricia Highsmith|http://commons.wikimedia.org/wiki/Special:FilePath/Highsmith%20on%20After%20Dark.JPG|female|United States of America|https://en.wikipedia.org/wiki/Patricia_Highsmith|n79151196|American novelist and short story writer|1921-01-19T00:00:00Z|false
Q464960|http://www.wikidata.org/entity/Q464960|Monica Ali|http://commons.wikimedia.org/wiki/Special:FilePath/Monica%20Ali%20Frankfurter%20Buchmesse%202009.jpg|female|United Kingdom|https://en.wikipedia.org/wiki/Monica_Ali|n2003033939|British writer, novelist (born 1967)|1967-10-20T00:00:00Z|false
Q458336|http://www.wikidata.org/entity/Q458336|Barry Hannah||male|United States of America|https://en.wikipedia.org/wiki/Barry_Hannah|n80014822|Short story writer, novelist, professor|1942-04-23T00:00:00Z|false
Q465208|http://www.wikidata.org/entity/Q465208|Jhumpa Lahiri|http://commons.wikimedia.org/wiki/Special:FilePath/Jhumpa%20Lahiri%20%282015%29.png|female|United States of America|https://en.wikipedia.org/wiki/Jhumpa_Lahiri|n98100024|American author of Indian origin|1967-07-11T00:00:00Z|true
Q462270|http://www.wikidata.org/entity/Q462270|Sylvia Townsend Warner||female|United Kingdom|https://en.wikipedia.org/wiki/Sylvia_Townsend_Warner|n79059730|English writer, poet, activist (1893-1978)|1893-12-06T00:00:00Z|false
Q450346|http://www.wikidata.org/entity/Q450346|Edwidge Danticat|http://commons.wikimedia.org/wiki/Special:FilePath/Edwidge%20Danticat%20by%20David%20Shankbone.jpg|female|Haiti|https://en.wikipedia.org/wiki/Edwidge_Danticat|n93100617|Novelist, short story writer, memoirist|1969-01-01T00:00:00Z|false
Q466431|http://www.wikidata.org/entity/Q466431|Nicole Krauss|http://commons.wikimedia.org/wiki/Special:FilePath/Nicole%20Krauss%2002.jpg|female|United States of America|https://en.wikipedia.org/wiki/Nicole_Krauss|n2001034919|American novelist (born 1974)|1974-08-18T00:00:00Z|false
Q452145|http://www.wikidata.org/entity/Q452145|Ann Beattie|http://commons.wikimedia.org/wiki/Special:FilePath/Ann%20Beattie%20headshot.jpg|female|United States of America|https://en.wikipedia.org/wiki/Ann_Beattie|n79141242|Short story writer, novelist, professor|1947-09-08T00:00:00Z|false
Q456855|http://www.wikidata.org/entity/Q456855|Curtis Sittenfeld||female|United States of America|https://en.wikipedia.org/wiki/Curtis_Sittenfeld|n2004040233|American novelist (1975-)|1975-08-23T00:00:00Z|false
Q460088|http://www.wikidata.org/entity/Q460088|Yiyun Li|http://commons.wikimedia.org/wiki/Special:FilePath/Yiyun%20Li.png|female|People's Republic of China|https://en.wikipedia.org/wiki/Yiyun_Li|n2004151571|Chinese American writer|1972-11-04T00:00:00Z|false
Q457601|http://www.wikidata.org/entity/Q457601|Andrew Sean Greer|http://commons.wikimedia.org/wiki/Special:FilePath/Pulitzer2018-andrew-sean-greer-20180530-wp.jpg|male|United States of America|https://en.wikipedia.org/wiki/Andrew_Sean_Greer|n99257436|Novelist, short story writer|1970-11-05T00:00:00Z|true
Q402664|http://www.wikidata.org/entity/Q402664|Junot Díaz|http://commons.wikimedia.org/wiki/Special:FilePath/Junot%20D%C3%ADaz%20%28cropped%29.jpg|male|Dominican Republic|https://en.wikipedia.org/wiki/Junot_D%C3%ADaz|n96034971|Author|1968-12-31T00:00:00Z|true
Q447902|http://www.wikidata.org/entity/Q447902|Daniel Alarcón|http://commons.wikimedia.org/wiki/Special:FilePath/Alarc%C3%B3n%2C%20Daniel%20-FILSA%2020181102%20fRF01.jpg|male|Peru|https://en.wikipedia.org/wiki/Daniel_Alarc%C3%B3n|n2004040210|writer|1977-03-05T00:00:00Z|false
Q443966|http://www.wikidata.org/entity/Q443966|Grace Paley||female|United States of America|https://en.wikipedia.org/wiki/Grace_Paley|n79139236|American writer and activist|1922-12-11T00:00:00Z|false
Q439226|http://www.wikidata.org/entity/Q439226|Téa Obreht|http://commons.wikimedia.org/wiki/Special:FilePath/T%C3%A9a%20Obreht%202014.jpg|female|United States of America|https://en.wikipedia.org/wiki/T%C3%A9a_Obreht|n2010014061|American fiction writer|1985-09-30T00:00:00Z|false
Q378882|http://www.wikidata.org/entity/Q378882|Etgar Keret|http://commons.wikimedia.org/wiki/Special:FilePath/Etgar-keret-photo-by-moti-kikayon.jpg|male|Poland|https://en.wikipedia.org/wiki/Etgar_Keret|nr92037947|Israeli writer and screenwriter|1967-08-20T00:00:00Z|false
Q382604|http://www.wikidata.org/entity/Q382604|John Berger|http://commons.wikimedia.org/wiki/Special:FilePath/John%20Berger-2009%20%286%29.jpg|male|France|https://en.wikipedia.org/wiki/John_Berger|n79135220|British painter, writer and art critic (1926-2017)|1926-11-05T00:00:00Z|false
Q442330|http://www.wikidata.org/entity/Q442330|Elizabeth Taylor||female|United Kingdom|https://en.wikipedia.org/wiki/Elizabeth_Taylor_(novelist)|n50009260|British writer 1912-1975|1912-07-03T00:00:00Z|false
Q433485|http://www.wikidata.org/entity/Q433485|Ann Patchett|http://commons.wikimedia.org/wiki/Special:FilePath/Ann%20Patchett%202012%20Shankbone.JPG|female|United States of America|https://en.wikipedia.org/wiki/Ann_Patchett|n91108359|American novelist and memoirist|1963-12-02T00:00:00Z|false
Q449473|http://www.wikidata.org/entity/Q449473|Yoko Ogawa||female|Japan|https://en.wikipedia.org/wiki/Y%C5%8Dko_Ogawa|nr91017566|Japanese Novelist (1962-)|1962-03-30T00:00:00Z|false
Q442679|http://www.wikidata.org/entity/Q442679|Louise Erdrich|http://commons.wikimedia.org/wiki/Special:FilePath/Louise%20Erdrich%20%2819303274788%29.jpg|female|United States of America|https://en.wikipedia.org/wiki/Louise_Erdrich|n83129937|writer from the United States|1954-06-07T00:00:00Z|false
Q357108|http://www.wikidata.org/entity/Q357108|Jeffrey Eugenides|http://commons.wikimedia.org/wiki/Special:FilePath/Eugenides%2C%20Jeffrey.jpg|male|United States of America|https://en.wikipedia.org/wiki/Jeffrey_Eugenides|n92097279|novelist, short story writer, academic|1960-03-08T00:00:00Z|true
Q359548|http://www.wikidata.org/entity/Q359548|Jonathan Safran Foer|http://commons.wikimedia.org/wiki/Special:FilePath/Jonathan%20Safran%20Foer.jpg|male|United States of America|https://en.wikipedia.org/wiki/Jonathan_Safran_Foer|no2001058572|American novelist|1977-02-21T00:00:00Z|false
Q444849|http://www.wikidata.org/entity/Q444849|Cynthia Ozick||female|United States of America|https://en.wikipedia.org/wiki/Cynthia_Ozick|n80046659|American writer|1928-04-17T00:00:00Z|false
Q440100|http://www.wikidata.org/entity/Q440100|Jonathan Lethem|http://commons.wikimedia.org/wiki/Special:FilePath/Jonathan%20Lethem%20by%20David%20Shankbone.jpg|male|United States of America|https://en.wikipedia.org/wiki/Jonathan_Lethem|n93046269|American novelist, essayist, short story writer, Roy E. Disney Chair in Creative Writing, Pomona College|1964-02-19T00:00:00Z|false
Q353869|http://www.wikidata.org/entity/Q353869|Donald Barthelme|http://commons.wikimedia.org/wiki/Special:FilePath/Donald%20Barthelme%20%28author%29.jpg|male|United States of America|https://en.wikipedia.org/wiki/Donald_Barthelme|n50023795|American writer, editor, and professor|1931-04-07T00:00:00Z|false
Q351547|http://www.wikidata.org/entity/Q351547|Bernard Malamud|http://commons.wikimedia.org/wiki/Special:FilePath/Bernard%20Malamud.jpg|male|United States of America|https://en.wikipedia.org/wiki/Bernard_Malamud|n79046272|American author|1914-04-26T00:00:00Z|true
Q528826|http://www.wikidata.org/entity/Q528826|William Trevor||male|Republic of Ireland|https://en.wikipedia.org/wiki/William_Trevor|n50011670|Irish writer|1928-05-24T00:00:00Z|false
Q545781|http://www.wikidata.org/entity/Q545781|Mary Gaitskill|http://commons.wikimedia.org/wiki/Special:FilePath/Mary%20Gaitskill%20BBF%202010%20Shankbone.jpg|female|United States of America|https://en.wikipedia.org/wiki/Mary_Gaitskill|n87910204|American writer|1954-11-11T00:00:00Z|false
Q510320|http://www.wikidata.org/entity/Q510320|Paul Theroux|http://commons.wikimedia.org/wiki/Special:FilePath/PaulTheroux%202008Sep.jpg|male|United States of America|https://en.wikipedia.org/wiki/Paul_Theroux|n79064834|American travel writer and novelist|1941-04-10T00:00:00Z|false
Q533256|http://www.wikidata.org/entity/Q533256|Chang-Rae Lee|http://commons.wikimedia.org/wiki/Special:FilePath/Chang-rae%20Lee%20at%20UMich.jpg|male|United States of America|https://en.wikipedia.org/wiki/Chang-Rae_Lee|n94076232|novelist|1965-07-29T00:00:00Z|false
Q547794|http://www.wikidata.org/entity/Q547794|Richard Ford|http://commons.wikimedia.org/wiki/Special:FilePath/Richard%20Ford%20at%20G%C3%B6teborg%20Book%20Fair%202013%2002.jpg|male|United States of America|https://en.wikipedia.org/wiki/Richard_Ford|n80113050|American novelist and short story writer|1944-02-16T00:00:00Z|true
Q495754|http://www.wikidata.org/entity/Q495754|Tobias Wolff|http://commons.wikimedia.org/wiki/Special:FilePath/TobiasWolff.jpg|male|United States of America|https://en.wikipedia.org/wiki/Tobias_Wolff|n81010525|Fiction writer, memoirist|1945-06-19T00:00:00Z|false
Q541890|http://www.wikidata.org/entity/Q541890|Maile Meloy||female|United States of America|https://en.wikipedia.org/wiki/Maile_Meloy|n2001045237|American writer|1972-01-01T00:00:00Z|false
Q548345|http://www.wikidata.org/entity/Q548345|John O'Hara|http://commons.wikimedia.org/wiki/Special:FilePath/John%20O%27Hara%20cph.3b08576.jpg|male|United States of America|https://en.wikipedia.org/wiki/John_O%27Hara|n79060653|American journalist and writer (1905–1970)|1905-01-31T00:00:00Z|false
Q497375|http://www.wikidata.org/entity/Q497375|David Rabe||male|United States of America|https://en.wikipedia.org/wiki/David_Rabe|n79148174|American playwright and screenwriter|1940-03-10T00:00:00Z|false
Q470758|http://www.wikidata.org/entity/Q470758|Colm Tóibín|http://commons.wikimedia.org/wiki/Special:FilePath/Colm%20toibin%202006.jpg|male|Republic of Ireland|https://en.wikipedia.org/wiki/Colm_T%C3%B3ib%C3%ADn|n91025439|Irish novelist and writer|1955-05-30T00:00:00Z|false
Q37327|http://www.wikidata.org/entity/Q37327|Samuel Beckett|http://commons.wikimedia.org/wiki/Special:FilePath/Samuel%20Beckett%2C%20Pic%2C%201%20%28cropped%29.jpg|male|France|https://en.wikipedia.org/wiki/Samuel_Beckett|n79055432|Nobel-winning Irish writer (1906–1989)|1906-04-13T00:00:00Z|false
Q55828256|http://www.wikidata.org/entity/Q55828256|Colin Barrett||male||https://en.wikipedia.org/wiki/Colin_Barrett_(author)||Irish Canadian short story writer|1982-01-01T00:00:00Z|false
Q322261|http://www.wikidata.org/entity/Q322261|Tim Parks|http://commons.wikimedia.org/wiki/Special:FilePath/2018-10-18%20-%20Tim%20Parks%20-%203751.jpg|male|United Kingdom|https://en.wikipedia.org/wiki/Tim_Parks|n85296030|British writer|1954-12-19T00:00:00Z|false
Q297532|http://www.wikidata.org/entity/Q297532|Roberto Bolaño||male|Chile|https://en.wikipedia.org/wiki/Roberto_Bola%C3%B1o|n80139757|Chilean author|1953-04-28T00:00:00Z|false
Q313246|http://www.wikidata.org/entity/Q313246|David Foster Wallace|http://commons.wikimedia.org/wiki/Special:FilePath/David%20Foster%20Wallace%20%28cropped%29.jpg|male|United States of America|https://en.wikipedia.org/wiki/David_Foster_Wallace|n86001949|American fiction writer and essayist|1962-02-21T00:00:00Z|false
Q335232|http://www.wikidata.org/entity/Q335232|E. L. Doctorow|http://commons.wikimedia.org/wiki/Special:FilePath/E%20l%20doctorow%202751.JPG|male|United States of America|https://en.wikipedia.org/wiki/E._L._Doctorow|n79021656|novelist, editor, professor (1931-2015)|1931-01-06T00:00:00Z|false
Q316607|http://www.wikidata.org/entity/Q316607|Jonathan Franzen|http://commons.wikimedia.org/wiki/Special:FilePath/Jonathan%20Franzen%202011%20Shankbone%202.JPG|male|United States of America|https://en.wikipedia.org/wiki/Jonathan_Franzen|n88015344|American writer|1959-08-17T00:00:00Z|false
Q589497|http://www.wikidata.org/entity/Q589497|Dave Eggers|http://commons.wikimedia.org/wiki/Special:FilePath/Dave%20Eggers%20by%20David%20Shankbone.jpg|male|United States of America|https://en.wikipedia.org/wiki/Dave_Eggers|n96104532|American writer, editor, and publisher|1970-03-12T00:00:00Z|false
Q673985|http://www.wikidata.org/entity/Q673985|Hisham Matar|http://commons.wikimedia.org/wiki/Special:FilePath/Hisham%20Matar.jpg|male|Libya|https://en.wikipedia.org/wiki/Hisham_Matar|n2006064193|American writer|1970-01-01T00:00:00Z|false
Q23014955|http://www.wikidata.org/entity/Q23014955|Tessa Hadley|http://commons.wikimedia.org/wiki/Special:FilePath/Tessa%20Hadley%20at%20the%20Beverley%20Literature%20Festival%202011%20%286265658057%29.jpg|female|United Kingdom|https://en.wikipedia.org/wiki/Tessa_Hadley|n82107548|British author of novels, short stories and non-fiction|1956-02-28T00:00:00Z|false
Q638179|http://www.wikidata.org/entity/Q638179|Richard Powers|http://commons.wikimedia.org/wiki/Special:FilePath/Richard%20Powers%20%28author%29.jpg|male|United States of America|https://en.wikipedia.org/wiki/Richard_Powers|n85007982|American novelist|1957-06-18T00:00:00Z|true
Q609317|http://www.wikidata.org/entity/Q609317|Karl Ove Knausgård|http://commons.wikimedia.org/wiki/Special:FilePath/Karl%20Ove%20Knausg%C3%A5rd%202010-09-17.JPG|male|Norway|https://en.wikipedia.org/wiki/Karl_Ove_Knausg%C3%A5rd|n99018704|Norwegian author|1968-12-06T00:00:00Z|false
Q76436988|http://www.wikidata.org/entity/Q76436988|Gregory Jackson||male|United States of America||no2010108357|American author|1970-01-01T00:00:00Z|false
Q20891036|http://www.wikidata.org/entity/Q20891036|Kirstin Valdez Quade|http://commons.wikimedia.org/wiki/Special:FilePath/Kirstin%20Valdez%20Quade%202015.jpg|female|United States of America|https://en.wikipedia.org/wiki/Kirstin_Valdez_Quade|n2014070007|American writer||false
Q640807|http://www.wikidata.org/entity/Q640807|Steven Millhauser||male|United States of America|https://en.wikipedia.org/wiki/Steven_Millhauser|n84183444|American novelist and short story writer|1943-08-03T00:00:00Z|true
Q560733|http://www.wikidata.org/entity/Q560733|Harold Brodkey|http://commons.wikimedia.org/wiki/Special:FilePath/Harold%20Brodkey-New%20Yorker.jpg|male|United States of America|https://en.wikipedia.org/wiki/Harold_Brodkey|n84123703|writer|1930-10-25T00:00:00Z|false
Q622232|http://www.wikidata.org/entity/Q622232|Lionel Shriver|http://commons.wikimedia.org/wiki/Special:FilePath/Lionel%20Shriver%20at%20Cannes.jpg|female|United States of America|https://en.wikipedia.org/wiki/Lionel_Shriver|n86006080|American writer|1957-05-18T00:00:00Z|false
Q598494|http://www.wikidata.org/entity/Q598494|Sam Lipsyte|http://commons.wikimedia.org/wiki/Special:FilePath/Sam%20Lipsyte%200552.JPG|male|United States of America|https://en.wikipedia.org/wiki/Sam_Lipsyte|no00064708|Novelist, short story writer (1968-)|1968-01-01T00:00:00Z|false
Q310257|http://www.wikidata.org/entity/Q310257|Michael Cunningham|http://commons.wikimedia.org/wiki/Special:FilePath/Michael%20Cunningham%20JB%20by%20David%20Shankbone.jpg|male|United States of America|https://en.wikipedia.org/wiki/Michael_Cunningham|n83177223|American novelist and screenwriter|1952-11-06T00:00:00Z|false
Q340016|http://www.wikidata.org/entity/Q340016|Denis Johnson|http://commons.wikimedia.org/wiki/Special:FilePath/Oliver%20Mark%20-%20Denis%20Johnson%2C%20Berlin%202003.jpg|male|United States of America|https://en.wikipedia.org/wiki/Denis_Johnson|n81147004|American writer (novel, drama, poetry, essay) (1949-2017)|1949-07-01T00:00:00Z|false
Q315362|http://www.wikidata.org/entity/Q315362|Ben Okri|http://commons.wikimedia.org/wiki/Special:FilePath/Ben%20Okri%20in%20Tallinn.jpg|male|United Kingdom|https://en.wikipedia.org/wiki/Ben_Okri|n80143800|Nigerian-born British poet and novelist  (1959-)|1959-03-15T00:00:00Z|false
Q336151|http://www.wikidata.org/entity/Q336151|John Cheever|http://commons.wikimedia.org/wiki/Special:FilePath/Johncheever.jpg|male|United States of America|https://en.wikipedia.org/wiki/John_Cheever|n78089819|American novelist and short story writer (1912-1982)|1912-05-27T00:00:00Z|false
Q310048|http://www.wikidata.org/entity/Q310048|Don DeLillo|http://commons.wikimedia.org/wiki/Special:FilePath/Don%20delillo%20nyc%2002.jpg|male|United States of America|https://en.wikipedia.org/wiki/Don_DeLillo|n79059951|American novelist, playwright and essayist|1936-11-20T00:00:00Z|false
Q47681708|http://www.wikidata.org/entity/Q47681708|Robert Gorham Davis||male|||n50035626|American literary critic and professor|1908-01-01T00:00:00Z|false
Q55828246|http://www.wikidata.org/entity/Q55828246|Claire-Louise Bennett||female||https://en.wikipedia.org/wiki/Claire-Louise_Bennett|no2015109042|English-Irish writer||false
Q45849301|http://www.wikidata.org/entity/Q45849301|Lesley Nneka Arimah||female|London|https://en.wikipedia.org/wiki/Lesley_Nneka_Arimah|n2016059711|Nigerian-American author|1983-10-13T00:00:00Z|false
Q53411106|http://www.wikidata.org/entity/Q53411106|Weike Wang||female||https://en.wikipedia.org/wiki/Weike_Wang|n2016062002|Chinese-American author||false
Q554224|http://www.wikidata.org/entity/Q554224|Alejandro Zambra|http://commons.wikimedia.org/wiki/Special:FilePath/Alejandro%20Zambra%20-%202015%20National%20Book%20Festival%20%283%29.jpg|male|Chile|https://en.wikipedia.org/wiki/Alejandro_Zambra|no2006093606|Chilean poet and writer|1975-07-24T00:00:00Z|false
Q47504712|http://www.wikidata.org/entity/Q47504712|Steven Polansky||male|||n98090227|American writer|1949-01-01T00:00:00Z|false
Q26023376|http://www.wikidata.org/entity/Q26023376|Emma Cline|http://commons.wikimedia.org/wiki/Special:FilePath/Emma%20Cline%20au%20festival%20America%202022%20thumbnail.png|female|United States of America|https://en.wikipedia.org/wiki/Emma_Cline|n2015023905|American writer|1989-01-01T00:00:00Z|false
Q47504827|http://www.wikidata.org/entity/Q47504827|Stephanie Vaughn||female|||n88157116|American writer||false
